,0,1,2
0,-1.7294709601668363,-0.47584073680924643,-0.9179050943638528
1,-2.495504112244869,0.05384340580764778,-1.0009842504791746
2,-2.9959746688263333,0.37453755779664377,-1.0483393245994042
3,-3.372868446547703,0.6048854010781841,-1.0812620281632783
4,-3.6767636232422363,0.7885225906825281,-1.1073244383856482
5,-3.9304883190812787,0.9359820802927374,-1.1275064520346543
6,-4.137342464449227,1.048237905525807,-1.1417415403186766
7,-4.3291602080082425,1.1536446572181256,-1.1557080321393445
8,-4.498435430583395,1.2471918457896005,-1.167777591662987
9,-4.65839779713101,1.330199331074589,-1.1780170015995528
10,-4.794705936171813,1.4047021884737487,-1.1878872719120104
11,-4.913570257745562,1.4659030844711323,-1.1953315397409305
12,-5.025828447759352,1.5230433266296404,-1.2027005342875288
13,-5.1323034288421,1.5768606613026555,-1.209460898121307
14,-5.240263792225661,1.6298902135275306,-1.2158083739242749
15,-5.331806975915763,1.6727480912974064,-1.2207001847772836
16,-5.4199564389845865,1.7145502781715247,-1.2254799390857243
17,-5.502887638073462,1.7546122002351316,-1.2303010794258036
18,-5.581699914708328,1.790584347455151,-1.234155504816338
19,-5.656663144136977,1.8207279125431426,-1.2363301822103032
20,-5.726937385612865,1.8465536388538861,-1.2379349536705748
21,-5.796446508167273,1.8741993358890239,-1.2400807928516213
22,-5.860434132215954,1.9027227534471087,-1.242973900248617
23,-5.926912006439495,1.93177635184864,-1.2456837829807605
24,-5.986286281735593,1.9553460529852176,-1.2478931053836106
25,-6.035051251932673,1.9711222144116778,-1.2483664454410208
26,-6.0851138531768045,1.9910362406011026,-1.2502508264015313
27,-6.13104666421781,2.007348630076939,-1.2511570720526362
28,-6.173172449663879,2.0203255770981627,-1.2512927089192416
29,-6.225164921502951,2.0431116732569135,-1.2542280989497432
30,-6.277052689640303,2.06219917550442,-1.2552837770838399
31,-6.321132155065008,2.0835364255142226,-1.257526103674599
32,-6.36886576280763,2.105627341420934,-1.2594249460990488
33,-6.407020286228829,2.120779658476418,-1.2608063859686967
34,-6.447211978278142,2.1353030734285054,-1.2616186114340566
35,-6.4822708424705135,2.146918075399026,-1.2623577929051792
36,-6.518829403082124,2.161323805587583,-1.2637142131598906
37,-6.556360725221377,2.1709150361786675,-1.263730993695981
38,-6.592851771637599,2.1826320691810097,-1.2641963477967055
39,-6.627956256207253,2.1949467123420523,-1.2649818108086048
40,-6.6622890945605775,2.2037593405125,-1.264800329400973
41,-6.695279230577634,2.2145038345175037,-1.264991050886035
42,-6.725880476954413,2.2269401623128244,-1.2662785078043401
43,-6.7597020860681685,2.2378676110016213,-1.2668998238884601
44,-6.794612555153419,2.254019031388211,-1.2688339822554275
45,-6.818162780146965,2.2639477564270822,-1.2694905033626074
46,-6.844413274819269,2.2706606300524808,-1.2691031112051945
47,-6.863937227069409,2.2715371780761626,-1.2677412238463308
48,-6.891809038106793,2.282464095376244,-1.2690577903515612
49,-6.9243721139670695,2.2967500163210914,-1.2701362528324533
50,-6.9492826531232685,2.3042318367934906,-1.270153598514733
51,-6.979403615198491,2.3160990730333753,-1.2710054821893058
52,-6.999647867406345,2.3152954155795715,-1.2695602947418596
53,-7.021979278625443,2.320085322835003,-1.2697307576475654
54,-7.048153776706915,2.334330378399687,-1.2715729185352465
55,-7.06500321665353,2.3367379129718384,-1.2711181112219918
56,-7.098731206812659,2.3499714117250448,-1.272195959311764
57,-7.125934329271905,2.355452564457332,-1.2717856330448931
58,-7.153875882029523,2.3687420066665585,-1.2732870621655685
59,-7.180097369123258,2.380746916706956,-1.2745682955061086
60,-7.1935194380983765,2.3784084607712748,-1.2728021357419064
61,-7.220881727983198,2.390653370799214,-1.2740146386524176
62,-7.250121876819346,2.4042016344469226,-1.2756252182040346
63,-7.272212668661479,2.4096511936953924,-1.275587297089159
64,-7.29105111222316,2.4174990354496018,-1.2760971566575259
65,-7.312176560626082,2.4225153893997997,-1.2758330554071797
66,-7.330826965777108,2.4317558587864374,-1.2769842815956076
67,-7.347133166365051,2.43327367087664,-1.2766234491087958
68,-7.363381537762402,2.443564900000649,-1.2781655804747638
69,-7.373913931501779,2.4410841168475534,-1.2768779439525697
70,-7.398568833730832,2.4514037900976513,-1.2777518475369563
71,-7.422000332574126,2.462750004360345,-1.279236004730843
72,-7.440684678179843,2.4733149769057987,-1.2808020193457172
73,-7.461168606731624,2.4800605869073395,-1.280858854094515
74,-7.475312572655048,2.4833980363986945,-1.280818022535095
75,-7.484008829217685,2.4819032804250143,-1.27976911704549
76,-7.500653378727414,2.492685925982121,-1.2813331938347765
77,-7.519627565652593,2.4919834476831086,-1.2799295693704051
78,-7.52840702173254,2.489925628527546,-1.2792086010967394
79,-7.544938816202855,2.4915797078705064,-1.2786339861022364
80,-7.564120574902978,2.5027839623701467,-1.2801239180046864
81,-7.579301163627358,2.5090254709651423,-1.2806041306334282
82,-7.592841900177087,2.507676029106675,-1.2794193257536788
83,-7.602725649293118,2.5119241719808345,-1.2800410038079642
84,-7.620655603237361,2.5159229383061956,-1.279684939141113
85,-7.63323205345234,2.5156361771710816,-1.2787972849179476
86,-7.643609821761864,2.51197655759894,-1.2772629957159554
87,-7.661285715903742,2.5194853107048276,-1.278321480612339
88,-7.680222975168989,2.5257030962493197,-1.2784776052804756
89,-7.697973261709543,2.530330263141353,-1.2785155162633142
90,-7.7074764573768055,2.527036585488784,-1.2769292925422087
91,-7.723493987723445,2.5326181790279416,-1.2771245505146218
92,-7.734773404677897,2.534283245191588,-1.276872087510561
93,-7.75039469452427,2.5387701835525776,-1.2768660642991259
94,-7.769198683240909,2.5486129831335598,-1.2780893842513579
95,-7.775260171112873,2.543675473663741,-1.2767013832060399
96,-7.785333672323633,2.543929458384034,-1.2760888692763843
97,-7.801590632595518,2.5448545216716063,-1.275209859313117
98,-7.806227923548985,2.542813205250125,-1.2742467648178533
99,-7.812994812388711,2.5384302125221136,-1.273031913809623
100,-7.826258371201958,2.5413081489899847,-1.2731771886771768
101,-7.83880264161606,2.5451564217765905,-1.2736941451111066
102,-7.849759823913996,2.554000194638144,-1.275898370428236
103,-7.861602316620573,2.561007858531951,-1.27710296378641
104,-7.872059415167504,2.5611673793945493,-1.2758291625082463
105,-7.878301962558315,2.5648736140736905,-1.2763918836767252
106,-7.887906298928842,2.5698030856517016,-1.276747337025521
107,-7.88607424394292,2.557987166946104,-1.2740389172383726
108,-7.888069451380263,2.5518397900280445,-1.2720902798453508
109,-7.8987587726447055,2.5583504837366378,-1.2727913495985774
110,-7.915935205562557,2.5646076791970356,-1.272902429754528
111,-7.923440465861407,2.5635856906775514,-1.2721774031611432
112,-7.934887992114552,2.568451825183738,-1.2723668684979927
113,-7.952616215502393,2.5783635438016774,-1.2734282050862737
114,-7.969298273017247,2.5943528500530997,-1.2766300682605787
115,-7.980328176853355,2.5967349863948948,-1.2766382863026138
116,-7.997580653240441,2.6046820839894966,-1.2777083084404308
117,-8.007283958542502,2.610917754686902,-1.2787284933261067
118,-8.009684024818135,2.606152718876532,-1.2776969942614607
119,-8.026023608850478,2.6170796576654123,-1.279847281977324
120,-8.029142217638666,2.609381222247428,-1.277302394099711
121,-8.035649432257308,2.6042705686832432,-1.275284139690939
122,-8.051367861018646,2.6142863084177224,-1.2764814667338906
123,-8.049870767297767,2.605213645864373,-1.2740963395043077
124,-8.061578348214555,2.6095555966019774,-1.2742674955380606
125,-8.069631784127678,2.608727364735924,-1.273138750733083
126,-8.081439997851351,2.6137604218844284,-1.2740007292926625
127,-8.092263827832578,2.621847052764985,-1.2758016979449471
128,-8.097489869539714,2.624051636015331,-1.2760150441250384
129,-8.111418558449403,2.633547387997591,-1.2774120321681672
130,-8.107227833832669,2.6237095994391213,-1.2748562890981079
131,-8.117220711310038,2.627910254728478,-1.2753321247657277
132,-8.117212395502936,2.6213651696045943,-1.2735317778721305
133,-8.129739516527652,2.6267062136285215,-1.2741541186885
134,-8.145262427747312,2.632617497574625,-1.274256781380362
135,-8.159779393093912,2.639451687219054,-1.27489363978157
136,-8.16037217986352,2.632359543813167,-1.2729284484614807
137,-8.167435275394759,2.6388955980650772,-1.27443175325303
138,-8.176480900343497,2.6417377548273944,-1.2744610971701336
139,-8.174361153609569,2.633835457064072,-1.2727291867472026
140,-8.177854120663802,2.633963883243151,-1.2727810479318524
141,-8.182235436741816,2.6335039492824888,-1.2722947593951228
142,-8.189447726654606,2.6340147444591233,-1.2719522639633547
143,-8.190234961064634,2.630944347952836,-1.2714507230708685
144,-8.197940547975023,2.63089229034613,-1.271074465757196
145,-8.20294879184008,2.630006697452904,-1.2707860779491207
146,-8.220029625899015,2.6369647877967854,-1.2711954337237683
147,-8.232379173771678,2.642968226254951,-1.272022297029337
148,-8.24965549293748,2.6520166298890735,-1.2733725077076106
149,-8.253496012634528,2.6503725799214797,-1.2727261768188893
150,-8.266755317989544,2.6497919352432966,-1.2716059452080957
151,-8.268211006830844,2.6476022568752007,-1.2709320097417451
152,-8.271306593835629,2.649940651597934,-1.2712161353574865
153,-8.289362082098677,2.6529052198129364,-1.270248872188704
154,-8.292921218652467,2.6516360325959605,-1.2696841787863742
155,-8.294279075303146,2.6504781748557105,-1.26922152254557
156,-8.29466352333074,2.644749326128878,-1.2675757553657345
157,-8.301925423599144,2.6459644913054037,-1.2674548606861775
158,-8.314987253819604,2.65319158399358,-1.2682238963520682
159,-8.33044301893352,2.666616753479802,-1.2711056124194182
160,-8.34404658058855,2.6712412295876193,-1.271800313092402
161,-8.34882674833901,2.6718292141589775,-1.2717202556777523
162,-8.355780765077515,2.675576300490382,-1.2722251019803188
163,-8.35414524418351,2.670085471067527,-1.2708260727485154
164,-8.362423261514053,2.672725907290951,-1.2709361947557176
165,-8.369566087654016,2.6729150877803836,-1.270575950521218
166,-8.386849767687199,2.6880324936955953,-1.2739819858910142
167,-8.389608343593949,2.6897549543821353,-1.2745546034038175
168,-8.394512502233843,2.694484393798994,-1.2749592577411228
169,-8.395794568943701,2.6883810615973407,-1.2733587664986392
170,-8.403491197263161,2.691298938362578,-1.2734646499386197
171,-8.408440898414689,2.6918131400546566,-1.273483509982896
172,-8.39636889417878,2.6737007231141825,-1.2690895873986074
173,-8.393807751413716,2.6697611218247395,-1.2676803777524956
174,-8.399998045040714,2.6704409224049903,-1.2676050676450388
175,-8.40677968936669,2.674046782340205,-1.2678874333787196
176,-8.412833963307738,2.6723715671243076,-1.2670973089619983
177,-8.414924377855755,2.6696689447069297,-1.2663020467727335
178,-8.422458381938666,2.6724069557469248,-1.2665377614343152
179,-8.43027346361091,2.672911983466871,-1.2662553204564213
180,-8.428853149461666,2.6687966750406735,-1.2650532330871564
181,-8.433783905097053,2.6731036324333806,-1.2661207625517488
182,-8.430571007641516,2.664378308010967,-1.2641626987922079
183,-8.436097704256712,2.6648976324013685,-1.2638710218650782
184,-8.441724227986791,2.6649234928797076,-1.263679784465449
185,-8.442719887591043,2.667787710235069,-1.2642277040415109
186,-8.448295196801086,2.666528289330196,-1.2632345895303598
187,-8.453654319180583,2.6639130887720968,-1.2620879727125898
188,-8.447528026363564,2.6532886266179565,-1.2596857539254238
189,-8.450523511450406,2.6520436387542214,-1.2591469255477141
190,-8.460423112439525,2.6596928402780855,-1.2606454045469282
191,-8.467753226629194,2.6587869772471757,-1.2598575833635905
192,-8.459614010731226,2.648554666154742,-1.2580046511364467
193,-8.471209977062715,2.6525581253445663,-1.2584242155150833
194,-8.47444128485096,2.6507839873589374,-1.2581534597926547
195,-8.477154174963843,2.654061339630251,-1.2589449071603573
196,-8.479737375910977,2.649667774548447,-1.2581383244236164
197,-8.487975295858528,2.6543542401329248,-1.2589344408028362
198,-8.494986342136407,2.658526904911365,-1.2595281958487945
199,-8.503811533920675,2.659311007303535,-1.2589570861232735
200,-8.50617663286215,2.6599685319916446,-1.2589258225574034
201,-8.500049662071342,2.6538926111152064,-1.2583105960063037
202,-8.498749798489623,2.6494379347742862,-1.2575185474151862
203,-8.49560356322156,2.6413014497527256,-1.2556974855763077
204,-8.495494355633351,2.6370498614545093,-1.2547996240746078
205,-8.494905714500941,2.635901329016726,-1.2545577657363538
206,-8.49837030449288,2.6352113569388274,-1.2542525207605266
207,-8.49601374655669,2.634280905402136,-1.2542901817023182
208,-8.507046350143618,2.6389349019849315,-1.2548184826429283
209,-8.517073784843694,2.646895382983158,-1.256077439577508
210,-8.51395853246226,2.642355147379685,-1.255111416705325
211,-8.517762718844445,2.6426694641661608,-1.2550894130697456
212,-8.523568542013003,2.644411716185728,-1.2551044725581266
213,-8.523442473956225,2.6394752718942236,-1.2536336096907832
214,-8.534727812777552,2.646026714080038,-1.2546424752657472
215,-8.53863054849279,2.642818652591195,-1.2532509254500313
216,-8.54163761387225,2.6405208248036494,-1.2524186648091546
217,-8.557690893019648,2.647719914368253,-1.2535103262916376
218,-8.56287648392898,2.6547014169804855,-1.2554267568162003
219,-8.564946097129262,2.650755620604703,-1.2541699052203836
220,-8.57053653740323,2.6519731714519237,-1.2543016398142708
221,-8.572787220821459,2.651996905572772,-1.254217923640039
222,-8.569438991547292,2.6510056639816693,-1.254157495946151
223,-8.57543844768818,2.6544857422386285,-1.2540226819257538
224,-8.573858756647827,2.64910831202333,-1.253020560070274
225,-8.565936457799763,2.6410782103423514,-1.2514507808335784
226,-8.570920409320795,2.6350826111154535,-1.2487445203687635
227,-8.575329603149088,2.6338277459794353,-1.2482435624742778
228,-8.580937332931185,2.637045883931519,-1.2485481420833382
229,-8.578113773269704,2.626009109477109,-1.2459185061370546
230,-8.576464051345052,2.627681303912988,-1.2463261707543691
231,-8.580204938020545,2.626895126622074,-1.2457896324427835
232,-8.592184828129586,2.6322979281612224,-1.2466130944723712
233,-8.59339080181137,2.635372606486773,-1.2473304806603176
234,-8.602121519310375,2.637741622595911,-1.2476474257990877
235,-8.599403040281002,2.6288122105351994,-1.245736161993492
236,-8.600950824001256,2.6294979042786513,-1.2460922468515714
237,-8.606619833814088,2.628393354014314,-1.2454886772606184
238,-8.608304773012101,2.6295775215608086,-1.2456225165744412
239,-8.610697641505723,2.632190785252021,-1.246282171640428
240,-8.614036706143622,2.632356343765282,-1.2464315013484308
241,-8.60766861370054,2.624394098596771,-1.2448619808212533
242,-8.608022710001135,2.6222959564984123,-1.2440980206702683
243,-8.623005938644383,2.631816570998329,-1.2456433894790973
244,-8.619852389843984,2.6301120817111743,-1.2454804405544866
245,-8.626158983838328,2.6313188128736473,-1.2452050319060999
246,-8.618913245115131,2.627912482338551,-1.2450537403234472
247,-8.622689691185153,2.6231405979459663,-1.2433633256635719
248,-8.625203616209168,2.623421281523839,-1.2431931950407604
249,-8.631146201492234,2.624199163347496,-1.242371714256951
250,-8.630332551837471,2.623712392878548,-1.2425317346684623
251,-8.632778859580116,2.624708323896669,-1.2424217915798483
252,-8.631923920224102,2.617085648380167,-1.2404442465181351
253,-8.621173371988107,2.599723605838113,-1.2367250271269168
254,-8.621318667379914,2.5974260706652994,-1.2361637841350366
255,-8.617513927156468,2.5883442641575614,-1.233781290939263
256,-8.625865913405125,2.594618104254739,-1.2348474627612147
257,-8.638715699197324,2.606654805772903,-1.237121708436458
258,-8.648983811742006,2.616297417761895,-1.2389992520446171
259,-8.654380052291993,2.619244243312205,-1.2395071460606981
260,-8.657829499177504,2.6226066091524447,-1.2404597117484482
261,-8.660341197938985,2.6224599940359723,-1.2396128453527073
262,-8.664714929612098,2.6211239698687123,-1.2391478983155422
263,-8.673870682849785,2.6181387012792148,-1.2374517271970686
264,-8.675719589802522,2.6146437926406043,-1.236497425160999
265,-8.675919952534676,2.6117305416945684,-1.2355480742282134
266,-8.68144923925819,2.6142626268117857,-1.2358110299727478
267,-8.68018432580446,2.6110400046649818,-1.2354165805995252
268,-8.67834873277456,2.6066285318415274,-1.2345499956431807
269,-8.673455091516349,2.603728593890748,-1.2340732578075617
270,-8.675582094663895,2.597803486203201,-1.2326495040084307
271,-8.674013711009414,2.591701823436501,-1.2312697846209175
272,-8.670670172182845,2.5866116598721063,-1.2302212688878327
273,-8.672249512756112,2.5855109234215137,-1.2296515615899304
274,-8.672673713353257,2.586592055129966,-1.229552536853586
275,-8.666000833965224,2.5783845637735827,-1.227603681510683
276,-8.665978350533562,2.574664779160048,-1.2269459353976826
277,-8.668558566594974,2.5722177970181797,-1.2261717466632804
278,-8.663170260546046,2.563936959899577,-1.224374974907216
279,-8.672252874116431,2.570101571768104,-1.2255487866671684
280,-8.681391658518468,2.5746567821558357,-1.2264111589506743
281,-8.688358360900773,2.574286494227073,-1.2257384273591538
282,-8.691996910838526,2.577117546464146,-1.2262549961640121
283,-8.695984404275414,2.5810673343733335,-1.2272064422776598
284,-8.696409060908513,2.580400129889302,-1.227037887972578
285,-8.707561014830212,2.595542780716399,-1.2301713714540359
286,-8.711124252095093,2.5968015419553754,-1.2299048798216052
287,-8.71077414415396,2.592720644872946,-1.2289864384158768
288,-8.70566160462705,2.5851092095010912,-1.2271996931354225
289,-8.70581237671168,2.584215177491869,-1.226981607642922
290,-8.71063090319215,2.588180424954865,-1.2281290926546011
291,-8.70831835480315,2.5846554898261314,-1.2274869496024898
292,-8.710953918859598,2.5807714767611034,-1.2265129036182967
293,-8.70648775498734,2.5763053384244117,-1.2257357094017147
294,-8.71320895822057,2.579541751220167,-1.2264315269781363
295,-8.721622421021854,2.586878183954232,-1.2278898827437217
296,-8.71633745716411,2.5856156731606434,-1.2285777029584184
297,-8.709444173577142,2.5765525893012104,-1.2267629488013845
298,-8.713037776704043,2.575565862241165,-1.2264931494963973
299,-8.715096252912199,2.575174601607111,-1.2257974300062102
300,-8.707846952007701,2.5605342782219904,-1.2225580477634084
301,-8.702090904936306,2.554892787980048,-1.2223184935884384
302,-8.696359579500664,2.5486668204875413,-1.2212653553998172
303,-8.696365243813469,2.545218491062143,-1.2207782970648724
304,-8.693999396122335,2.541400419774338,-1.220093936823718
305,-8.684884717376535,2.5364167795056507,-1.2198994878832379
306,-8.683470429093783,2.5355780233867566,-1.2201198553596788
307,-8.68334441279141,2.5292162155267883,-1.2184381998640215
308,-8.685913168388216,2.526813141297745,-1.2178614863067794
309,-8.690011006342349,2.531324618742355,-1.2189543871829882
310,-8.684419176082132,2.5205258882517945,-1.2168381482365425
311,-8.691533133323148,2.524759031174566,-1.2174476851937883
312,-8.69046445757565,2.5153626274790333,-1.2153267341890526
313,-8.695375398072487,2.5147330290036756,-1.2146083271731205
314,-8.694945834223313,2.5138835447356733,-1.2140078031751549
315,-8.698309695007396,2.5159003853807165,-1.2144613690768213
316,-8.712409279071899,2.524705230000195,-1.2157628995041239
317,-8.710620456194402,2.520676665218396,-1.214828940851615
318,-8.712032358277584,2.5223406704277496,-1.2155164893526405
319,-8.724385875326975,2.533540526396231,-1.2177705322318648
320,-8.728773925471936,2.5347669376184725,-1.2171792169414293
321,-8.729448991922448,2.530530375578246,-1.2156755593474007
322,-8.73279197299818,2.5324660934248318,-1.2160528240232995
323,-8.731665404939475,2.5253004892764994,-1.21464568960019
324,-8.739124442645252,2.527348731114221,-1.214891421577433
325,-8.743946916809797,2.530807451752801,-1.215541060198106
326,-8.737875377446086,2.5233937098037593,-1.213862547215067
327,-8.74649944578637,2.5318165917946946,-1.2154696548632797
328,-8.745633006381075,2.528725749306731,-1.214487740871681
329,-8.744843556897521,2.5220624162975676,-1.212734190656886
330,-8.735535545421248,2.516598593716588,-1.2121450715520454
331,-8.73587316737212,2.5168563091975016,-1.2124200842671524
332,-8.743289306357923,2.5179211999945723,-1.212014492239672
333,-8.744723271880794,2.5155140917355276,-1.2112691067665626
334,-8.744470739419,2.5134659666247505,-1.2104474393230216
335,-8.753462180774127,2.5213410197469956,-1.2118348807435044
336,-8.762525241227822,2.5325845193915595,-1.2144998888219831
337,-8.760803861098644,2.5369293214745934,-1.2161844666995576
338,-8.770113921360545,2.543831039691661,-1.217470050398304
339,-8.77802119774973,2.5488770058541803,-1.218327166665731
340,-8.782472669405337,2.5509221904342434,-1.2187292481911796
341,-8.782886071061796,2.5472038202052967,-1.2174375847188625
342,-8.788543145549582,2.547262924503209,-1.2169008893690412
343,-8.791264220395599,2.5479374794725396,-1.2170463768603303
344,-8.789731005623846,2.54211367663729,-1.215736319913378
345,-8.789485025720326,2.540262717179782,-1.2154167166640601
346,-8.803663312352315,2.5483837305344856,-1.2161564756225307
347,-8.803563690181905,2.544668799563852,-1.215063405339357
348,-8.811233732899494,2.5520472913110366,-1.2163853171514003
349,-8.81630924585848,2.5544691133051565,-1.216512958322728
350,-8.825540857439968,2.5581505635378896,-1.2164867453820642
351,-8.821498114185259,2.5538537615270753,-1.2156215835065032
352,-8.81852918860084,2.54973642005039,-1.2145431075571984
353,-8.823850152725987,2.5561568427150236,-1.2163184483968117
354,-8.838741218305277,2.5675078445899926,-1.218137611298071
355,-8.84822004936817,2.5732533402547664,-1.2184137151459375
356,-8.845833290566077,2.5711576617308793,-1.2178068924554366
357,-8.845250413761852,2.5692638065530775,-1.2171602350275352
358,-8.844195177262145,2.5700143872592998,-1.2172246407317528
359,-8.843253680753973,2.5658339733181155,-1.2162500213705612
360,-8.844987239135452,2.565688512936295,-1.2164458788259884
361,-8.845771791860658,2.5613448673434625,-1.2152634767493882
362,-8.849694595402305,2.5629238986480805,-1.2154986855164875
363,-8.849888990463507,2.56107612728742,-1.2149005069402075
364,-8.854951045144398,2.5634675765690322,-1.21505896792185
365,-8.853099603407385,2.557389210509611,-1.2133838573255866
366,-8.86740864109284,2.5660437927861106,-1.2145002750565366
367,-8.865814383690447,2.562110391304451,-1.213893732561262
368,-8.868092608149869,2.5633463515745674,-1.2142023601097878
369,-8.866878196270441,2.5611681605377337,-1.213628398734175
370,-8.883210067032186,2.5730904939847883,-1.2153382153419927
371,-8.88302302759549,2.5706604542919567,-1.2148190656920557
372,-8.885417774249643,2.567306602812572,-1.2133261421565749
373,-8.884014490556215,2.560191535517701,-1.2116439275630613
374,-8.884585327637936,2.5573953027377336,-1.2110978341521121
375,-8.88312182338608,2.5551352329031425,-1.2104924898138214
376,-8.88668491938898,2.5572891764563357,-1.2111288388120314
377,-8.885687156951864,2.554400710801748,-1.2102848899561491
378,-8.88702180166581,2.553364572097903,-1.2101101120804678
379,-8.87764185041867,2.5433641798673965,-1.2081301832769935
380,-8.8778851124413,2.543372379770319,-1.2081069872208992
381,-8.87421183163817,2.5350541839978344,-1.2062893961355432
382,-8.869036295021969,2.5260677385976518,-1.20436315224515
383,-8.867097426075198,2.5195871908031657,-1.203058897612838
384,-8.868993196193866,2.5174458377144147,-1.2022226522528467
385,-8.874273877217044,2.525194315343211,-1.2035932877238456
386,-8.881964016395571,2.531369246413614,-1.2049247503050646
387,-8.88315097599459,2.5278841624550026,-1.203624185872853
388,-8.882817163416641,2.5275253367321584,-1.2040216439919436
389,-8.887772332400303,2.528550343722441,-1.2041792359178847
390,-8.894334504203423,2.535909499345354,-1.2056039623119805
391,-8.899893912614512,2.5371100776795052,-1.205636159239083
392,-8.907900432300673,2.545641319925442,-1.2072793170619467
393,-8.90839808516354,2.5461326396069035,-1.2077762110390353
394,-8.900265813851492,2.5397487909471437,-1.2068012054896418
395,-8.894200962713514,2.530817133201576,-1.2051291783911326
396,-8.901413551638687,2.5310676581727134,-1.2043450808997178
397,-8.894348515967032,2.5293649656916646,-1.204343389861017
398,-8.905892407510837,2.5407245389288047,-1.2062710732988102
399,-8.90333495081407,2.536600018631319,-1.205153369271678
400,-8.899818972231667,2.525924102834151,-1.2021401805967122
401,-8.897107583069143,2.521051944551865,-1.2011044502999557
402,-8.89304788004708,2.516125290536001,-1.2000181749064032
403,-8.8836930868196,2.507125087550222,-1.198366219469965
404,-8.893649588618299,2.5096782869259533,-1.198365847199915
405,-8.88710320507327,2.500933893303732,-1.1966608100425988
406,-8.876719082179893,2.4964861862463366,-1.196277344838228
407,-8.869594611783425,2.484883722312445,-1.19355381798305
408,-8.866108009057472,2.4857361366751376,-1.1942295730136387
409,-8.875191951719351,2.4905440346648415,-1.1947541833014372
410,-8.87396200171868,2.488052753845744,-1.1941917972630898
411,-8.884716522292688,2.5001088832770244,-1.1964152700430484
412,-8.884151233564136,2.4957814904628126,-1.1954943269025988
413,-8.882190771897053,2.489110031081829,-1.1936177286037748
414,-8.890817076251185,2.498856117758761,-1.1956125193939329
415,-8.89097161051912,2.4937631482524782,-1.1939712842727144
416,-8.891259209500937,2.4925374829241966,-1.1933127600097821
417,-8.898646551067445,2.4977667062307805,-1.1942168211263071
418,-8.904106027926197,2.499994979544619,-1.1943229820048855
419,-8.909997034795511,2.5058198456092744,-1.1957474160850723
420,-8.913662596209987,2.508351914892247,-1.1965153191511957
421,-8.909884752263665,2.501888863067019,-1.1951828529997233
422,-8.903497443212128,2.490590850541515,-1.1925741613784466
423,-8.904377577649555,2.489277356794658,-1.1920454052051288
424,-8.904783239063198,2.4869119782694846,-1.191300791460289
425,-8.89756030473141,2.478946584022277,-1.1897836598835412
426,-8.900158757843084,2.4844401066153114,-1.191187611784551
427,-8.892835914326726,2.475018260612957,-1.1891186223125676
428,-8.893270935629356,2.4740049932289008,-1.188301147591368
429,-8.89432020932253,2.476609137499981,-1.1891947967964203
430,-8.899526587204756,2.482113394940135,-1.1905818956760392
431,-8.896219292967421,2.476600474788895,-1.189432524574258
432,-8.893327951344586,2.4726643295111406,-1.1890687268668068
433,-8.889563724298885,2.466319034122861,-1.1874249767555252
434,-8.894637927468525,2.464821262056275,-1.1869279419209988
435,-8.891682924856324,2.461998956909068,-1.186638392026339
436,-8.885719165144012,2.456673292731623,-1.1855899521831226
437,-8.889890267926914,2.4576030826331823,-1.1855127894192568
438,-8.886931671764073,2.452702838043239,-1.184227033493266
439,-8.87441447447847,2.4403273681991657,-1.1816182119069962
440,-8.863158869492738,2.4294725641992314,-1.179638531565975
441,-8.855338331045546,2.4262402445654243,-1.179738302873553
442,-8.855791141685275,2.427264594250374,-1.179732119594926
443,-8.856082653982591,2.4231936381203822,-1.1783962271646382
444,-8.850352126174766,2.420428653578923,-1.178067274321724
445,-8.848668272009178,2.4136459915352853,-1.176052168259187
446,-8.854346927695293,2.4189738856636187,-1.1768698108967446
447,-8.85457865002528,2.415153583954327,-1.1758188129051044
448,-8.86590655828554,2.425012238702595,-1.1772707485504297
449,-8.86445762511863,2.4257302926147872,-1.1778946726645951
450,-8.862989746005672,2.4249772219954386,-1.1780147775695056
451,-8.867287456517086,2.4269180019107863,-1.1783329941802838
452,-8.860304127286563,2.4249642388037413,-1.17858569335735
453,-8.863752165033656,2.425451842151184,-1.17873043921737
454,-8.869542192314432,2.4328601986993093,-1.180046947432028
455,-8.864648570572571,2.423118612981244,-1.1775379124401923
456,-8.861705163501147,2.4200288576396765,-1.1769013151024632
457,-8.860904080264826,2.4202234456763794,-1.1767795513778774
458,-8.855946432650018,2.410989773491066,-1.1745183531433545
459,-8.849094432511285,2.400364479196698,-1.1721127060814331
460,-8.846975401213234,2.3997273601553766,-1.1722597363259188
461,-8.854783127505934,2.4089837024876455,-1.174209573827305
462,-8.85640580277608,2.4129928875589375,-1.1752958472920176
463,-8.858936639441263,2.413868713064807,-1.17513881330891
464,-8.869812559696053,2.422862684640535,-1.176637919511301
465,-8.873114493203595,2.4251483658572415,-1.1770225413434576
466,-8.87608179238893,2.4277292014216805,-1.1774832618037716
467,-8.876050400508513,2.4235949070922724,-1.1764607031013687
468,-8.873016955343406,2.4230039139906356,-1.1765273578323607
469,-8.874259191535806,2.4213313602028586,-1.175567333788245
470,-8.879242685831361,2.4248101550257926,-1.1763807559585446
471,-8.88424058327513,2.4286870672265803,-1.1771454132921766
472,-8.886746331503753,2.436077743743049,-1.1792715565229024
473,-8.882877965400839,2.424482350483895,-1.176348085957081
474,-8.88338326847153,2.4195206106956144,-1.174609187654638
475,-8.88307203111274,2.41525895989529,-1.1740432898689528
476,-8.885438461447128,2.415464331166564,-1.1739021699736099
477,-8.88141419853558,2.405824269590709,-1.1721930823777345
478,-8.88796135501131,2.4101648089509475,-1.172968785224628
479,-8.890186926086335,2.4082107788346625,-1.1724158586049631
480,-8.889788233847316,2.408159576449239,-1.1723467707218787
481,-8.885855027150688,2.4046234607967443,-1.1715693245380947
482,-8.881364969008425,2.395410735206227,-1.1693281634864305
483,-8.881580476707361,2.3977443972706944,-1.1699718341306522
484,-8.87372646727449,2.3918404332503425,-1.1691494015348898
485,-8.877828311146752,2.3876818989710173,-1.167777541458758
486,-8.873257492517556,2.3783027253113667,-1.165731696240555
487,-8.872865012390902,2.377737628955801,-1.1656178744309884
488,-8.874952058367295,2.3742323175912303,-1.1648031100785674
489,-8.879225203038612,2.3748415704864465,-1.1644344994791873
490,-8.882827049852752,2.377171266349193,-1.1648031430958363
491,-8.878900784264536,2.371410385672973,-1.1636212166716209
492,-8.882493867439472,2.369965897694925,-1.1629303672046858
493,-8.877952708087346,2.3632314888985118,-1.1616474429625463
494,-8.878717803971265,2.360553050372824,-1.1604595855174469
495,-8.875901801657626,2.3534340134187426,-1.1588581993150884
496,-8.874566344079426,2.349667965302329,-1.158126289095885
497,-8.878405879689172,2.3504027277104607,-1.1582628171379437
498,-8.88092350732907,2.3525487945524266,-1.1589395556671065
499,-8.87272168899296,2.3441627827057516,-1.1572980312416452
500,-8.875754531935451,2.3443144644895795,-1.1569266881697757
501,-8.882028467490601,2.3516419574858687,-1.158322117472439
502,-8.875300971140996,2.3371401914686833,-1.1548964052451398
503,-8.869415162309636,2.330790907114596,-1.1537624292941497
504,-8.86573354646235,2.326260523810747,-1.1527849763286282
505,-8.871149489442471,2.3312722731453204,-1.1540283960773552
506,-8.868317320109636,2.330404086517579,-1.1542937698172095
507,-8.866382221208513,2.324453197182081,-1.1528192363208265
508,-8.868936427275981,2.3323579166196153,-1.1550745617438722
509,-8.86518372567309,2.3312716556694246,-1.1552208999009257
510,-8.864651608733332,2.331147064159757,-1.155251926684279
511,-8.861343756621952,2.326874320404286,-1.1542846406451863
512,-8.861699185419054,2.3285876117497093,-1.1546945955130883
513,-8.874862217817531,2.3342879183904084,-1.1555489008312496
514,-8.881854564404714,2.340243049067441,-1.1566736410329788
515,-8.882819936703145,2.3378172130997736,-1.156069177168524
516,-8.888523763191197,2.340619638475272,-1.1564171212624894
517,-8.89748839824243,2.3508254731741687,-1.1588572954273464
518,-8.889679432612999,2.3377550295942346,-1.156079764170748
519,-8.894757992545914,2.3426657447225883,-1.1566663887321165
520,-8.89152096604718,2.340579833405105,-1.1563024814118803
521,-8.88516672651575,2.3364534314841534,-1.1557011170554397
522,-8.87954699248332,2.3285925782699524,-1.1545229814336602
523,-8.885043361754091,2.332933091755756,-1.1549098782834717
524,-8.883020003531284,2.3293922598501107,-1.1538122832074313
525,-8.877419300892265,2.3215832158362817,-1.1522004413164533
526,-8.880309100921934,2.326301580510088,-1.1534376205280081
527,-8.879123791177168,2.329380215359852,-1.154527111278596
528,-8.87335635962476,2.3192798819982605,-1.152533747963238
529,-8.868573117573503,2.318266808376481,-1.152923510301642
530,-8.864274599715417,2.315990177828811,-1.152796590469204
531,-8.854450889903303,2.30646550778093,-1.1508181222994573
532,-8.847651318021109,2.299541936470237,-1.1494106752210735
533,-8.840564835004141,2.290585706903829,-1.1475688865526668
534,-8.836306562370925,2.281940042964497,-1.1453978085113272
535,-8.831022085969877,2.2791051957708097,-1.144663936279234
536,-8.814860742069362,2.268957387726945,-1.1432634942648787
537,-8.815828655889229,2.2707792771073882,-1.144161993687448
538,-8.819429767082127,2.2736765277909443,-1.1452408244695624
539,-8.818231631052967,2.2682742313778346,-1.1434369817011618
540,-8.830515995893824,2.2778144953037893,-1.1452748982328935
541,-8.829257891004366,2.276417071627919,-1.1449569206210937
542,-8.831075863708111,2.269621195003063,-1.1430927153605936
543,-8.832833713451556,2.2702204590076986,-1.1434921830141147
544,-8.839151143236137,2.2702450736259485,-1.1430890523916857
545,-8.843358855055806,2.2761947482787774,-1.144172200703927
546,-8.845660435986298,2.278265322275294,-1.1443587923011453
547,-8.850507014483608,2.2807596663898955,-1.1449548280329596
548,-8.85258356220142,2.2778045627929813,-1.143879157135293
549,-8.839374895347413,2.266020873816505,-1.141899181124366
550,-8.835471871572338,2.260972145493487,-1.141553731947543
551,-8.841496209359306,2.268262539147294,-1.1428988312876653
552,-8.845283267383023,2.273028812717862,-1.1438834199656818
553,-8.844196294491391,2.273597225518016,-1.1441160177653147
554,-8.854298524662454,2.278012055143926,-1.144496371170765
555,-8.8531143910685,2.2737078630723078,-1.1432613719224096
556,-8.84909193870164,2.2700736777584267,-1.1425824106481537
557,-8.847321259660594,2.2680844251485706,-1.142168580300136
558,-8.855951201971582,2.273247491852289,-1.1426917786334487
559,-8.864206200839082,2.2772352586610696,-1.1430752264116908
560,-8.857753038253096,2.2689639823033634,-1.1412740349671227
561,-8.865245412003661,2.2705881524401192,-1.1413751195865702
562,-8.864915343236401,2.2732669700996704,-1.142187387518328
563,-8.859873369423385,2.269556267646076,-1.1415924406701592
564,-8.85937650683173,2.270400625869579,-1.1415856965112212
565,-8.859979035325068,2.2688135127314815,-1.1408819341076055
566,-8.85610135478432,2.2669208656493884,-1.1411162358452807
567,-8.867182196075367,2.2785912833682405,-1.1435659432106797
568,-8.855773131736246,2.2673771270234533,-1.1412468783638683
569,-8.849910048506324,2.2650442909189197,-1.1407237939989152
570,-8.850148749753057,2.2673645736255166,-1.1416073492205752
571,-8.84805765465255,2.268259490368332,-1.1420669914703165
572,-8.833413209340364,2.2542122526404795,-1.139681097396264
573,-8.836867592790469,2.2590525870458875,-1.1403019261436902
574,-8.838360283990779,2.2598301219246184,-1.1404215817545595
575,-8.83758235943246,2.2606311713548224,-1.1408487762015782
576,-8.842569022192471,2.262005004462046,-1.1403382584350932
577,-8.853300326489467,2.27287877817501,-1.1425659028497381
578,-8.853745132024676,2.2779376376391083,-1.1442360437011063
579,-8.860510160167626,2.2822760214215116,-1.14494325662027
580,-8.856587274177677,2.2715884241630193,-1.1427710163840823
581,-8.85514895686627,2.2718427430461006,-1.1426499868326185
582,-8.850884944963113,2.2597938333053222,-1.1391318282221172
583,-8.841699207536385,2.2509832346769656,-1.1375429211810568
584,-8.845794406363282,2.2513256012125775,-1.1376981453138741
585,-8.843186888248892,2.2493046550340314,-1.137487044001222
586,-8.84603361810529,2.2493890430650736,-1.1374952791442008
587,-8.85030789216875,2.2503805115446234,-1.13759653170266
588,-8.855246702424443,2.24994121017003,-1.1371296398775144
589,-8.851145258949714,2.2473965199641643,-1.1369110005800331
590,-8.8482581092215,2.245897377286531,-1.1367956360063212
591,-8.854524246348785,2.2517294207013006,-1.1378752559676848
592,-8.860508046495058,2.2558997708204016,-1.1387749381731742
593,-8.862472287398997,2.2583406353708786,-1.1387039362028326
594,-8.878069473223945,2.271031604432617,-1.1410067584025916
595,-8.872169142776746,2.2642530060595543,-1.1397569785737982
596,-8.87697425909045,2.266949501593961,-1.1402808436753593
597,-8.87890331664976,2.2658041432605045,-1.1400491867509988
598,-8.881467711133935,2.263586493419296,-1.1394885564871546
599,-8.889390436069757,2.27097438472274,-1.1410587500012401
600,-8.889258585296137,2.2699601849452735,-1.140670376565534
601,-8.880681693168327,2.2581191506442266,-1.1380925371330837
602,-8.866589753768702,2.247972732225708,-1.136188093036555
603,-8.870441513392796,2.251819803159459,-1.1366339515026782
604,-8.871906326683533,2.255292517784049,-1.1375011955962353
605,-8.868243978082686,2.2511002631419026,-1.1359776419190268
606,-8.866447125144004,2.249815748619768,-1.1357724210199973
607,-8.86331409524619,2.243212985008365,-1.1342375464554848
608,-8.85514504670368,2.2402029033035995,-1.1342273012169535
609,-8.853092632931826,2.236687166961799,-1.133249016980901
610,-8.85612255712524,2.239282195729076,-1.1336594119201915
611,-8.855180701011212,2.2403591189101824,-1.1337194061825597
612,-8.840968148792244,2.229812954223696,-1.132117374289153
613,-8.8380666606964,2.2296510317273235,-1.132265287922353
614,-8.842479518403296,2.230889633553006,-1.1318761222933775
615,-8.84759387235074,2.2388951837941673,-1.133427341761988
616,-8.85634223821444,2.2425612835962516,-1.1336453927357428
617,-8.855294974605984,2.2441331128364856,-1.1341581251736246
618,-8.846536076078682,2.2340169315676492,-1.132356637496787
619,-8.837274381394115,2.224068652233611,-1.130390065408917
620,-8.841177275700838,2.2257969638200823,-1.1303417428970473
621,-8.840189305884909,2.2251816249262975,-1.1299399112971797
622,-8.838403868246711,2.2238621424058644,-1.1293482279855587
623,-8.836014282342111,2.2226021354453143,-1.1293215546378423
624,-8.830919064076976,2.2150451680155867,-1.1274715897304877
625,-8.836845215291495,2.2178383178776673,-1.1278704385255571
626,-8.839362868981967,2.2191497741108277,-1.1276371099686768
627,-8.83475884667484,2.2118132770405543,-1.1262137937230958
628,-8.840078937769873,2.21287007002203,-1.1260410733726602
629,-8.836204017031147,2.211593296250165,-1.126004188120391
630,-8.82729621790449,2.205667552891271,-1.1247712692702005
631,-8.818996516569552,2.201512934538708,-1.1245955481067145
632,-8.820189188367783,2.2056365508431726,-1.1256070280504873
633,-8.820175739205608,2.2090478864879763,-1.1268930218171966
634,-8.820926265761372,2.2074697469008018,-1.126544903457624
635,-8.817205943629478,2.20269994695321,-1.1255152114895322
636,-8.810825077158668,2.195264573057921,-1.12417594558086
637,-8.80989164738859,2.1913066101114165,-1.1228211830497923
638,-8.802009979620557,2.179866034093995,-1.1203972119234205
639,-8.795107367526485,2.168641187991509,-1.1178028477929518
640,-8.795208152821749,2.1697323221032465,-1.1180777219318878
641,-8.792781945757417,2.162818731607331,-1.1162734629437505
642,-8.798408789630844,2.1665407954462332,-1.1173170201825307
643,-8.795070615835856,2.166522919912522,-1.1172543215421842
644,-8.796776110955827,2.1664783080615915,-1.1169873972665638
645,-8.79303923569832,2.159649336115162,-1.1151949531736034
646,-8.79530968834416,2.16375669231604,-1.1163387602609023
647,-8.79528525877068,2.1655989097894013,-1.11683522355137
648,-8.802474196704882,2.173333706131008,-1.118551360338546
649,-8.805791767725964,2.1734706084310575,-1.1187405164400819
650,-8.807422698872921,2.177872724487555,-1.119575342530109
651,-8.802838526707578,2.170221207792575,-1.1181384495685385
652,-8.803648232855224,2.1773115778392005,-1.1198913944002025
653,-8.811161889962824,2.1871654065489556,-1.1221540780549466
654,-8.813101693502308,2.184548388208991,-1.1210570536873095
655,-8.810464840677879,2.1837750062125383,-1.1211642120308625
656,-8.804532478183319,2.1756318091231432,-1.1194959890409786
657,-8.805360935081548,2.184119939151575,-1.1216565741827358
658,-8.804269570476679,2.1782407062762,-1.1204343841343132
659,-8.8038131036825,2.180010648240681,-1.1206695107185047
660,-8.81512300515195,2.186537815656971,-1.1213412019924036
661,-8.815429943476795,2.188802090598286,-1.1218165918330572
662,-8.809222814704706,2.181922952940242,-1.120553824312557
663,-8.806871861821179,2.17704019651694,-1.119218681200024
664,-8.791716969043188,2.1645970780224375,-1.1172231008156253
665,-8.788687688067474,2.1618876808016663,-1.1169065399511802
666,-8.797184723399223,2.167525751963045,-1.1176700237063713
667,-8.79854018678712,2.167739167429199,-1.1175519392462374
668,-8.788711158488505,2.1632998516201054,-1.117141730110357
669,-8.79016196967585,2.1608530846951606,-1.1164608023813014
670,-8.786945489714315,2.1625944823129575,-1.1168912763347292
671,-8.783038910451051,2.1593087372740096,-1.1166478163446827
672,-8.783865955111072,2.1549742649685966,-1.1152667544269397
673,-8.775209480845964,2.146744451192631,-1.1139932545141387
674,-8.772744718047171,2.1434108899706246,-1.1134876463958436
675,-8.776082971481825,2.1477139014146434,-1.1148090497687548
676,-8.785037137491718,2.1526453766332034,-1.1155714196430835
677,-8.781950843273227,2.1511655081697056,-1.1156533109182707
678,-8.777201539741919,2.1452353302266953,-1.114476754809609
679,-8.789895373406974,2.160479218764235,-1.1175140349630823
680,-8.790417110464833,2.159618051077148,-1.1174038165715423
681,-8.789906192739519,2.1584860208229792,-1.1173305621154286
682,-8.784409095690194,2.1518172279987757,-1.1158212797681775
683,-8.791487889488655,2.155870963630649,-1.1160781135016624
684,-8.792090358466467,2.1576807530154496,-1.1168012653800548
685,-8.795497224365084,2.1579158666619165,-1.1162405474389379
686,-8.795344116352567,2.158770242746674,-1.1164025056542857
687,-8.78892548116608,2.149920510135425,-1.114799885525551
688,-8.800466305510799,2.1553741063273835,-1.1156052619271222
689,-8.791759042048593,2.146184658869056,-1.113457655118181
690,-8.799695068027871,2.1524098757108834,-1.11448315061272
691,-8.802368085236472,2.1492773919717725,-1.113581351215822
692,-8.80823934119809,2.1550607866125118,-1.1148392871984545
693,-8.805047289271823,2.146934133640965,-1.112979622731676
694,-8.795287877982622,2.141000949403765,-1.1124103901035722
695,-8.796822978224466,2.137404745339441,-1.111365231084403
696,-8.797413709744935,2.1348667127717587,-1.1109892950866884
697,-8.79612052628105,2.130328729184349,-1.109647323658577
698,-8.79373340741504,2.1280820217486722,-1.109601547661602
699,-8.79056965912829,2.1187023355745183,-1.10708260315898
700,-8.79038715522817,2.1193812694962957,-1.107407642936791
701,-8.78937055727099,2.1161289729828248,-1.1061824170862846
702,-8.790778836185492,2.1140139959006183,-1.1057146930427078
703,-8.787669212650915,2.11407937456421,-1.105700781800563
704,-8.788035092570937,2.11004173105735,-1.1043852569124966
705,-8.780681528223797,2.1034316319490802,-1.1026875240607399
706,-8.775457817255198,2.0997710369131575,-1.1023067447463577
707,-8.775117290227396,2.096646450861335,-1.101623263114745
708,-8.772635535161662,2.092850427583094,-1.1011078135875187
709,-8.770285849098746,2.0920398040239125,-1.101215761005128
710,-8.766240002988235,2.0901880130513484,-1.1010319603085335
711,-8.764526048365733,2.0863222974026625,-1.1002388125364617
712,-8.764978060615505,2.0887517620001557,-1.1015459646716723
713,-8.772546220870767,2.1002891998801876,-1.1040760421185938
714,-8.769841587385452,2.0943976017932546,-1.1030404120498056
715,-8.766013291615074,2.095982301821126,-1.103893138209459
716,-8.762915145718045,2.091972835962402,-1.1026894609822788
717,-8.761168111272998,2.0856660572073213,-1.1010579970181995
718,-8.760269122760258,2.0809488957103803,-1.0998841069471905
719,-8.758795118820876,2.079386844750952,-1.0996129711276847
720,-8.753345265227376,2.0701411474740854,-1.0973475430880768
721,-8.757747302180558,2.075410558214113,-1.0980081036430902
722,-8.754436919325721,2.06937956335656,-1.097277280255258
723,-8.747470088759028,2.0620305034973216,-1.0959445424106777
724,-8.746240844384348,2.059086633783473,-1.0951177629441007
725,-8.747622446831599,2.0563964000520705,-1.0944010646076532
726,-8.743846436229454,2.050352376447031,-1.0932566315129837
727,-8.75342423742308,2.0546227105140575,-1.0939525840209159
728,-8.745452409539503,2.046576699911215,-1.0927812681170512
729,-8.742991391432835,2.0445532226475494,-1.0925193591438163
730,-8.741681982211192,2.039807113582311,-1.0912945715078928
731,-8.739631294402011,2.035906980924846,-1.0903699857595182
732,-8.746663508026451,2.03724479557603,-1.090201839345844
733,-8.747013048193901,2.039015399987934,-1.090493604653845
734,-8.741534027600812,2.0314070516432308,-1.0890014739126739
735,-8.737797724229969,2.026747909912608,-1.0881500550896166
736,-8.72617852957247,2.01801436044952,-1.0868472231234745
737,-8.724843580695001,2.019297726514219,-1.0873984318263297
738,-8.72221671657139,2.018102876976735,-1.087338377169904
739,-8.722293003350055,2.0171069673965456,-1.086881946739238
740,-8.721349254994298,2.0163451949495923,-1.0870516666766996
741,-8.71781526024738,2.007341003751749,-1.085027671602247
742,-8.714918171606245,2.0088175519841394,-1.0860136977616937
743,-8.707372115578178,2.004350667399692,-1.0852495441283248
744,-8.701701215204803,1.9995604794397026,-1.0842801449341088
745,-8.709291471831081,2.004887023589321,-1.0850775139618203
746,-8.709584322891722,2.0062322008274567,-1.0855443185569038
747,-8.707660980001155,2.0068052825470875,-1.085943218994404
748,-8.71098507819551,2.009714101330445,-1.0862693464528987
749,-8.70256759428299,2.001991908277345,-1.0846452246291542
750,-8.706956102394138,2.005394673236354,-1.0848857335115576
751,-8.705971321488821,2.003774643583403,-1.0844820024409763
752,-8.704079915255312,1.999425974790193,-1.083560817450801
753,-8.711511589629978,2.0055970409931776,-1.0848555471100905
754,-8.718241043931869,2.007170585109698,-1.084615002852573
755,-8.7116717659205,1.9995794904712012,-1.0828053564971063
756,-8.713198375641527,1.996716427612548,-1.0819730803967902
757,-8.721818699636469,2.0075013180910655,-1.084140862130998
758,-8.72281016447232,2.0057011112801404,-1.0836192489560645
759,-8.727639303853808,2.0101287443986062,-1.0846549962755931
760,-8.715966029103448,1.9983378504326559,-1.082858244226593
761,-8.715851466315035,1.9999123117495203,-1.0833960617631895
762,-8.720679342044665,2.005842586698033,-1.084598474869089
763,-8.728351421320294,2.013248382682826,-1.0864693951798545
764,-8.728885489622437,2.0203367572231703,-1.088416957059382
765,-8.728456715806946,2.0222804675941424,-1.0894523813891532
766,-8.720670175699839,2.0131368705306505,-1.087402410887175
767,-8.716498254255596,2.0030298449497534,-1.0852103953168453
768,-8.720883217812172,2.0049538044324806,-1.0848790473162118
769,-8.720365905321055,2.0009656612481375,-1.0841824756343181
770,-8.71735448406885,1.9980501444621805,-1.0839394827102171
771,-8.723537413931673,2.0053119804401462,-1.0853220080595487
772,-8.723692826493972,2.0076922602404643,-1.0858923931936668
773,-8.725489847388427,2.00139427656104,-1.08372168080148
774,-8.72417011673374,1.9956595693882022,-1.082359697750521
775,-8.717527700328514,1.987497032801121,-1.0807131833601273
776,-8.718044326379934,1.9884332182715962,-1.0808031623892678
777,-8.709402468953806,1.9831808344422717,-1.0804326954792633
778,-8.71204864728652,1.9803069803036093,-1.0793702495582105
779,-8.707868010551778,1.9716876317138152,-1.0780887563116515
780,-8.699799694853759,1.9638581675308269,-1.0764005528906404
781,-8.703174425869042,1.9706469188578193,-1.0776796973788076
782,-8.691646880994522,1.959723853986805,-1.0758245050595598
783,-8.692431617932876,1.9575701340577447,-1.0749475854151762
784,-8.691973667998926,1.9511617149143587,-1.0730731969493428
785,-8.697304687785559,1.961737151089275,-1.0758309161934028
786,-8.703175833958774,1.9648959874923846,-1.0765092287736513
787,-8.692593989196618,1.9543880943441814,-1.0746320213187661
788,-8.689766300984532,1.9504266574073976,-1.0737759752600842
789,-8.689297164390979,1.9477828210278902,-1.0736552591914486
790,-8.671503424521976,1.9312480609552845,-1.07016349754976
791,-8.675631163770054,1.9371123935824817,-1.0714291214149776
792,-8.67654406855689,1.9373194438351,-1.0715733185719294
793,-8.67478715669777,1.9402201138454551,-1.0727930662387974
794,-8.681896005042539,1.947113443202354,-1.0738841062344329
795,-8.675356504589228,1.9413280117254208,-1.0726802770968094
796,-8.670424870449768,1.9420842912424396,-1.0733716216813152
797,-8.66118051033133,1.9301738835201858,-1.0706659575405764
798,-8.657922646902891,1.9270318682302134,-1.0704727051941565
799,-8.664986361704196,1.931971663841071,-1.0712954066899725
